id,firstname,lastname,email,email2,profession
100,Averyl,Kermit,Averyl.Kermit@yopmail.com,Averyl.Kermit@gmail.com,firefighter
101,Theodora,Campball,Theodora.Campball@yopmail.com,Theodora.Campball@gmail.com,developer
102,Darci,Tybald,Darci.Tybald@yopmail.com,Darci.Tybald@gmail.com,worker
103,Shaine,Yam,Shaine.Yam@yopmail.com,Shaine.Yam@gmail.com,police officer
104,Sidoney,Lareena,Sidoney.Lareena@yopmail.com,Sidoney.Lareena@gmail.com,doctor
105,Rochette,O'Carroll,Rochette.O'Carroll@yopmail.com,Rochette.O'Carroll@gmail.com,police officer
106,Tonia,Catie,Tonia.Catie@yopmail.com,Tonia.Catie@gmail.com,developer
107,Arlena,Lay,Arlena.Lay@yopmail.com,Arlena.Lay@gmail.com,firefighter
108,Valeda,Cookie,Valeda.Cookie@yopmail.com,Valeda.Cookie@gmail.com,police officer
109,Dawn,Fiann,Dawn.Fiann@yopmail.com,Dawn.Fiann@gmail.com,firefighter